订单编号,driver,行程类型,用车时间,航班编号,车型名称,机场名称,航站楼,订购人,订购人电话,订购人E-mail,位置名称,详细地址,附加服务,APP, ,,,,
TESTKK001,55000,送机,2026-09-28 11:00:00（GMT）+09:00,,经济型9座,仁川国际机场,T1,测试 一, +886-900000001,test1@example.com,测试酒店明洞,"1 Test-gil, Jung District, Seoul, 韩国",,,,儿童座椅*0，举牌接机*0,,5,0
TESTKK002,60000,送机,2026-09-28 05:35:00（GMT）+09:00,,舒适型7座,仁川国际机场,T2,TEST TWO, +852-00000002,test2@example.com,Test Hotel Wangsimni,"2 Test-ro, Seongdong-gu, Seoul, 韩国",,,,儿童座椅*0，举牌接机*0,,2,0
TESTKK003,金基峰9763,送机,2026-09-28 04:00:00（GMT）+09:00,,舒适型7座,仁川国际机场,T2,TEST THREE, +886-900000003,test3@example.com,Test Hotel Hongdae,"3 Test-ro, Mapo-gu, Seoul, 韩国",,,,儿童座椅*0，举牌接机*0,,4,0
TESTKK004,金基峰9763,接机,2026-09-28 10:05:00（GMT）+09:00,XX123,舒适型10座,仁川国际机场,T1,TEST FOUR, +886-900000004,test4@example.com,Test Hotel Gangnam,"4 Test-ro, Gangnam-gu, Seoul, 韩国",,WHATSAPP +886900000004,,儿童座椅*1，举牌接机*1,,2,1
TESTKK005,Henry 9759,送机,2026-09-28 13:00:00（GMT）+09:00,,经济型7座,仁川国际机场,T1,TEST FIVE, +886-900000005,test5@example.com,Test Hotel Myeongdong,"5 Test-gil, Jung District, Seoul, 韩国",,,會中文的司機,儿童座椅*0，举牌接机*0,,3,0
TESTKK006,金龙喆 9778,送机,2026-09-28 16:00:00,,经济型7座,仁川国际机场,T1,TEST SIX, +886-900000006,test6@example.com,Test Hotel Jongno,"6 Test-ro, Jongno-gu, Seoul, 韩国",,,,"성인×3, 어린이×0",,,
TESTKK007,,接机,2026-09-28 19:05:00（GMT）+09:00,,经济型5座,金浦国际机场,,TEST SEVEN, +886-900000007,test7@example.com,Test Hotel Mapo,"7 Test-ro, Mapo-gu, Seoul, 韩国",,,,儿童座椅*0，举牌接机*0,,1,0
,,,,,,,,,,,,,,,,,,,
送机,,林杰9860,金石岗9760,金基峰9763,,,,,,,,,,,,,,,
市内包车80000,,,,,,,,,,,,,,,,,,,
